ISIN,Price,Vendor
US00W4B3L2OW,2,3
US0A7OGA6LYP,2,3
US0EO5LKE7M5,2,3
US0I6LERMRN0,2,3
US0L91NKC1FE,2,3
US0LGQWIZHN9,2,3
US0NZD6P8YX9,2,3
US0PGSMK1Q29,2,3
US0SLW758B9H,2,3
US0SNCVTULEN,2,3
US0U764XNGDS,2,3
US0ZKF73EYSC,2,3
US107O0CDRQU,2,3
US10VTVNIWPY,2,3
US147CKOS4VV,2,3
US148KHWTE08,2,3
US14ZBAN0001,2,3
US15KK6GSDV3,2,3
US16EWVEAV2H,2,3
US1D0GDDMO4Y,2,3
US1LXXKWR0HV,2,3
US1MX9FFYI7T,2,3
US1RNN64G2FB,2,3
US1YN32NOEYN,2,3
US21ZPN5SQ8Q,2,3
US25WKD75N1W,2,3
US26WP7OP65K,2,3
US2CY2ZRV40H,2,3
US2EUHN243NI,2,3
US2F5P75LTSX,2,3
US2GL3NC2G5U,2,3
US2I4EH9RWYK,2,3
US2JJPLQ2KJB,2,3
US2KHB8UDB2E,2,3
US2L3YKJWZCB,2,3
US2M6YLVVTDP,2,3
US2ML49H7JB5,2,3
US2N22B6J3LC,2,3
US2SL6H13OTT,2,3
US340GXF6TJ9,2,3
US35WNLBVCHE,2,3
US3ANBRKQ31Z,2,3
US3DLAI366JK,2,3
US3F0RIPKZKQ,2,3
US3IRJ1FKB9Q,2,3
US3IY773XAUA,2,3
US3OLYUOB1NB,2,3
US3Q7R18DZAL,2,3
US3UAR4L4ZE0,2,3
US3ZD4U9A6T9,2,3
US47C2EPY1KF,2,3
US4CHP2N1H99,2,3
US4DZJWO4D5G,2,3
US4MQ2VLXVRH,2,3
US4SYS8AV4AU,2,3
US4TK9YF4A40,2,3
US4VPLJ7K2TO,2,3
US4X3Q61NLXY,2,3
US4XBUVF8W46,2,3
US4Y3JR5ZRLI,2,3
US57OXRA3H77,2,3
US5AKMG3QK2D,2,2
US5CDMFSF0JE,2,3
US5DZ5TV8SXI,2,3
US5EF33RLLWJ,2,3
US5IJ1VW3Y4D,2,3
US5K1L7UWRCS,2,3
US5S78TSA5PM,2,3
US5WY9YYF93M,2,3
US60W97ND6CV,2,3
US61GXUBNLDZ,2,3
US6207WRKA4Y,2,3
US623WW90K4C,2,3
US62KXJY8X5V,2,3
US63ZLYLRPM6,2,3
US69KVXB8U6R,2,3
US6BBTDDRLZ8,2,3
US6EOWIVDPQN,2,3
US6FGIAF3WZX,2,3
US6GZJ4MBL9I,2,3
US6JVM582OGO,2,3
US6KWNXLKJM3,2,3
US6MP0GGRAK7,2,3
US6N4AQQLGDJ,2,3
US6QZN8OS2GU,2,3
US6SMRETB64G,2,3
US6U3JJ5GEWH,2,3
US6VILR5VDI4,2,3
US6Z1SF2SKTL,2,3
US70I9FPNOJ7,2,3
US71I9PKQCXH,2,3
US726C00W2RB,2,3
US72AMK6N6MA,2,3
US736LJJ9IAT,2,3
US74349S51WE,2,3
US782RZCH3HQ,2,3
US7ANIO13EBA,2,3
US7C3CXBIE72,2,3
US7IJECEFDK1,2,3
US7KRLLR59JA,2,3
US7KWZ46CSZ8,2,3
US7LKW1OXJMA,2,3
US7P3V2Z9ROP,2,3
US7TEWZ0YMQ4,2,3
US7UJ3Q1CWY7,2,3
US7WBJUP3U6R,2,3
US7WNKDOVDVB,2,3
US7XN5962YGQ,2,3
US8D5PAYDRO9,2,3
US8GRI1UO8B8,2,3
US8MW329SB8A,2,3
US8OKD2GHQC0,2,3
US8R7BQUGGXD,2,3
US8THJ38VAFQ,2,3
US8UA38U04FC,2,3
US8UBZBSHU76,2,3
US8WTAZV6CEU,2,3
US93MPUVRDAA,2,3
US941LRPXY9Q,2,3
US96LMQW36KB,2,3
US96NQ0YTL3W,2,3
US98T5D20ZRK,2,3
US9A7E9MF2J1,2,3
US9C7ZWEGMI8,2,3
US9FH2I7L7YT,2,3
US9FM9WQ0XCT,2,3
US9IGGTP4338,2,3
US9KQVY19U2Z,2,3
US9S3NSBPOK3,2,3
US9T6NI1HX37,2,3
US9UEIFDE2MB,2,3
US9UYEXBYEPC,2,3
US9V0MIQHMEA,2,3
US9Z1IV5OMIQ,2,3
US9ZQM4D5EII,2,3
USA4WBCBU1WX,2,3
USA6GVTIGA9C,2,3
USA6Q9XFG2Z4,2,3
USACN83EVK7E,2,3
USAETN7TNKHJ,2,3
USAHYIJ70FLJ,2,3
USAI5SNNQCN9,2,3
USAIEQY3TRTZ,2,3
USAKZBESW41W,2,3
USALDGE9WXSK,2,3
USALNOEOIO8F,2,3
USAM2FKYLDIQ,2,3
USAMAE1KNFPC,2,3
USAN17V13K8K,2,3
USANU2TXPFKM,2,3
USAQA488WJUS,2,3
USAS3HWADOGL,2,3
USAS4PV70DY2,2,3
USASBK8Z40AH,2,3
USASL9JXYYM8,2,3
USAUC0NWIA49,2,3
USAURJ40N4Z8,2,3
USAURL8ATDB7,2,3
USAZG70FTYG7,2,3
USB5J8J1QXH4,2,3
USBA08XPLYY5,2,3
USBA8NY2PD7N,2,3
USBBCM1DHPVX,2,3
USBC2OPA4BPT,2,3
USBE9UPHSKHQ,2,3
USBGB7TTPPME,2,3
USBL7NMMNNDJ,2,3
USBML4Q9W2BC,2,3
USBNT777AGC7,2,3
USBPFSDRHXOF,2,3
USBQLE0OUOAM,2,3
USBS22OF7RPJ,2,3
USBUYY89CGN3,2,3
USBVTDVKQRK6,2,3
USBXODMQE335,2,3
USBY61UJATH8,2,3
USC4MTGTU7PQ,2,3
USC6WC889SA6,2,3
USC7RX5GXI9M,3,3
USC86EHOLUZ2,2,3
USCAGFFJLIPH,2,3
USCCD6FVLJEQ,2,3
USCCWIB4WDDX,2,3
USCD0B965I2Z,2,3
USCHF7LMF91H,2,3
USCKI2RN2ZHR,2,3
USCLJQAOKQRS,2,3
USCLOGMGA81G,2,3
USCMUSTVD7T9,2,3
USCR2MTUDL3T,2,3
USCUX4HCZYPZ,2,3
USCYQRSNJFG4,2,3
USD3XV3J0ALT,2,3
USD464PGBP4L,2,3
USDCVZL7Y79A,2,3
USDG005QSEF8,2,3
USDIT9H6NZQ0,2,3
USDRT12FFZ2F,2,3
USDRXO0GHV5V,2,3
USDSQZ4C9I8T,2,3
USDZ3RGFKYY5,2,3
USE18Y9VK987,2,3
USE4F0PANE24,2,3
USE4MLHSVPM3,2,3
USE6YE4UT1O5,2,3
USEB5AY3BGM5,2,3
USED92AWZG1U,2,3
USEGQ4NHR4O9,2,3
USEK0F0GJIR3,2,3
USEK9R6QKZ1M,2,3
USEP2Q6V9Q1F,2,3
USEQB9SF6OWB,2,3
USETY8GYR9E0,2,3
USEYFGA6M181,2,3
USEZEZL8ISM7,2,3
USF0K877VR48,2,3
USF265EX96EP,2,3
USF4HNRZ6T75,2,3
USF52NPZDS5C,2,3
USF7NS21U1XY,2,3
USFD3XGA2XBQ,2,3
USFIFIXCNRQ5,2,3
USFM1VNFIADS,2,3
USFMH6OLIE8Q,2,3
USFMLU7365CK,2,3
USG3MLFDONB8,2,3
USG80UTLV6U2,2,3
USGB6ZA7295D,2,3
USGBY576GWN3,2,3
USGC4966X1HH,2,3
USGDH5T5WTM5,2,3
USGGFYBT3IHI,2,3
USGO7AUKKXTV,2,3
USGPLG6M4RG4,2,3
USGQ3MVA1YI0,2,3
USGZ8TH0LH32,2,3
USGZKHQNCK68,2,3
USH21SUQ87HY,2,3
USH4PJCFGTPY,2,3
USH8V73MI74S,2,3
USHF4OZSUHVZ,2,3
USHISXS3MTGE,2,3
USHKBA0V98TS,2,3
USHMQDSLWJDJ,2,3
USHNCUHQEFXK,2,3
USHUOCB7DQ16,2,3
USHW60PZ7GWH,2,3
USI0GI7XFVDQ,2,3
USI0YK6XHC1Z,2,3
USI36T343JKN,2,3
USI3ASR4POQR,2,3
USIAF583G313,2,3
USICA1DSJOSZ,2,3
USIH0QH10C57,2,3
USII9ENTKGNQ,2,3
USIKCIKH4AEX,2,3
USIL2VJZO32Y,2,3
USILS67Z2NVG,2,3
USIMX1CHI44T,2,3
USINQEOKM42C,2,3
USIOUK1T46SP,2,3
USIQE6FRAMWI,2,3
USIR6BV48YNY,2,3
USIRRJ6NL4HH,2,3
USISYIJU5HO6,2,3
USISZJHJLB1B,2,3
USIXZ07EILXZ,2,3
USIY60NW20KR,2,3
USIYUABYHS9L,2,3
USIZ5W2OV5XD,2,3
USJ73Z0H1P97,2,3
USJAD7SCH2TT,2,3
USJD24EA4SRG,2,3
USJPUE0T96DQ,2,3
USJQ0C6BKWKU,2,3
USJQLE9WHCEL,2,3
USJRB9GR7B43,2,3
USJSRRPS2IJ2,2,3
USJUY9A9UUGE,2,3
USJYWZ9I6O8F,2,3
USK16G9QEXGI,2,3
USK2MB0OMAPT,2,3
USK6TSY9FHWR,2,3
USK9HL00NA48,2,3
USK9S73A05MU,2,3
USKGF7637VX4,2,3
USKGLZLOJQEA,2,3
USKID18NK7UD,2,3
USKIOB8TSOFF,2,3
USKIQY8APTEN,2,3
USKJ281D5J02,2,3
USKJ5ZAW82Y1,2,3
USKJ9G4MRUWX,2,3
USKNB56CE76X,2,3
USKOVUPHTMJO,2,3
USKR4PD0GC6Y,2,3
USKRI081L2JS,2,3
USKTMQ9IO3RV,2,3
USKXCIXID2AG,2,3
USKYHBFTF6A3,2,3
USL8IFAS0Q61,2,3
USL9OBR4O8UE,2,3
USLEHAHE82Y9,2,3
USLQ5RDA65JZ,2,3
USLR1V1XQ5LZ,2,3
USLSOU1WT9K3,2,3
USLTV5MRP1PI,2,3
USLWQXDPP8BO,2,3
USLX0TPHA8CQ,2,3
USLZAY2A0IGF,2,3
USM4D72XX4FH,2,3
USM7OP47UJTA,2,3
USM8YVF2B23C,2,3
USM93VBJS0BL,2,3
USMCGGSQKPDJ,2,3
USMGB7WUSVUA,2,3
USMH3XGEBJXS,2,3
USMML0NM4H83,2,3
USMPB9G3J2ZA,2,3
USMQOPR772RZ,2,3
USMU6LTF1SWS,2,3
USMVZMKMINVB,2,3
USMWRVUF2W72,2,3
USN0862G8HMX,2,3
USN1Z1TGKLH8,2,3
USN9D8DKYHH0,2,3
USNCB5RC1EAX,2,3
USNGGELZT5OZ,2,3
USNON7NXCGXZ,2,3
USNPKGFRARYU,2,3
USNQONCFDBME,2,3
USNRD3P8FM71,2,3
USNSJ5HPFYAK,2,3
USNTDOUVC39V,2,3
USNUA2UQL4WI,2,3
USNWGKVGI24W,2,3
USO3GV2EPVZR,2,3
USO6SH46W12G,2,3
USO9OX1IK1JR,2,3
USOAX5G6LOJJ,2,3
USOD56V8ZLWU,2,3
USOMDJJXXSHN,2,3
USONNLO41NZW,2,3
USOOK6IJWRFQ,2,3
USOQG2YWZOR4,2,3
USOQIZ8816ID,2,3
USOT54LLYRFN,2,3
USOXZGDSRNP3,2,3
USP5350ZOB3G,2,3
USPDSBLZ285D,2,3
USPGGZ89N326,2,3
USPHBD2E8D88,2,3
USPU89PZUIEM,2,3
USPV9P53EQA3,2,3
USQ3GU9L1XXC,2,3
USQ74I4FMWQ1,2,3
USQ7YVX6Y48R,2,3
USQFD6PUBS2O,2,3
USQJ3TL31YHH,2,3
USQOKL7FT8Z8,2,3
USQP3F24942E,2,3
USQSJGUF2T0B,2,3
USQT20P6FAVQ,2,3
USQT5M3NMTN7,2,3
USQTFSMFKOZ4,2,3
USQU53AM97O9,2,3
USR50R3L4185,2,3
USR7QXKKEUUK,2,3
USRB0W8CNSBU,2,3
USRCAX62LRS6,2,3
USRDRFBNKZGP,2,3
USRGTQTDBFJI,2,3
USRI67ZJ7ZSI,2,3
USRIGQXX8GNM,2,3
USRYBZH2I7Z5,2,3
USRZYDTRL4GM,2,3
USS01VLXO279,2,3
USS151VDNHUO,2,3
USS4EEP1NXKW,2,3
USS5WKD6M4Z7,2,3
USS6RZZADK5U,2,3
USS76VYARYYU,2,3
USS8SC85QR0Q,2,3
USSI6RQTSTE6,2,3
USSIT9KWPCI8,2,3
USSMJJZ7PNEU,2,3
USSO5HGA9537,2,3
USSR8D5R1YOM,2,3
USSXH64CNHLK,2,3
USSZE06V34P0,2,3
UST1KWQWD3CS,2,3
UST1ZGDEIKLI,2,3
UST5NRWTL0KI,2,3
UST9ARLYFTJ7,2,3
USTBFABMV0OH,2,3
USTCNITU1PHU,2,3
USTHK5SDM1UK,2,3
USTI7JU73ILI,2,3
USTO90Y1L1XL,2,3
USTVGVDPH9O0,2,3
USTWX2LY66LC,2,3
USTXWJRH13QZ,2,3
USTYRXCIJTS7,2,3
USTYVGMN756R,2,3
USU0LNJHUIX1,2,3
USU2T6EGQ9DW,2,3
USU3NXP2BO8Q,2,3
USU3TH5AMSGG,2,3
USU75UB0UX8M,2,3
USU8OK9FSCV8,2,3
USU9IWIBWFZK,2,3
USU9QXP03W3V,2,3
USUB2JIPILIX,2,3
USUBQVVY8VRP,2,3
USUBXRXOMX4C,2,3
USUNM0BW1SOC,2,3
USUP7CUC65E7,2,3
USUS1EPUMKK2,2,3
USUSOY6ZM5NL,2,3
USUY8UXLTJ8J,2,3
USV26XL9UAJA,2,3
USV399BMIOKC,2,3
USVDN1N799VU,2,3
USVDRHIX86GZ,2,3
USVJIC7UILX3,2,3
USVML265XHMH,2,3
USVS8T5V8MP1,2,3
USVU3JT6BCOV,2,3
USVWMXXLSPDO,2,3
USVYX1OGK3FJ,2,3
USVYX573WGT9,2,3
USW0TIR1X9KL,2,3
USW2UM969BDZ,2,3
USW4G7B6X2OD,2,3
USW4I20U14Z4,2,3
USW67OZBV3XD,2,3
USW7FB0SCDQU,2,3
USW7VS1UNCI2,2,3
USW8PCPESNFI,2,3
USWDONJ7XKVH,2,3
USWHSOL6A3VW,2,3
USWLTEH6F6J4,2,3
USWM4GVCB3NB,2,3
USWPIT26YHV1,2,3
USWQQ6YNBMUR,2,3
USWT9ZOF6V15,2,3
USWUFOJ39OSK,2,3
USWVYZ28BBQZ,2,3
USWWBE4ES6FG,2,3
USWXAR2DLGCK,2,3
USX1NEGZSN7H,2,3
USX4G2L7CRWI,2,3
USX5IDCIF71H,2,3
USX82Y0Z0MDP,2,3
USX8E5A8ZWJD,2,3
USXA9UM2D8LX,2,3
USXAUOBRHPP7,2,3
USXF4UFR2NPD,2,3
USXFAGWRMMWB,2,3
USXINEPWEEIL,2,3
USXIZ20VETUE,2,3
USXJZOVRSAUH,2,3
USXKBFI7KN1Y,2,3
USXLA2O1O1RT,2,3
USXO22ZLAFYQ,2,3
USXO7A03YINF,2,3
USXSIYB364J4,2,3
USXVPUM4UH29,2,3
USXY0HP7PQMQ,2,3
USXZUCU94KMR,2,3
USY1UZ1X11VV,2,3
USY5DXGERUIU,2,3
USY6RLF0VPIP,2,3
USY7YSVV0ICZ,2,3
USYDZWZ7KKRT,2,3
USYEFCJN00UH,2,3
USYEK4BNJ3B6,2,3
USYESKY7K6M7,2,3
USYFFBI5XTID,2,3
USYHRG8IFR5S,2,3
USYK5FBGUKZX,2,3
USYMYQ0G7R11,2,3
USYMZVERGZ6D,2,3
USYNBSXY167A,2,3
USYSKVIQFIF9,2,3
USYUYSAEPD11,2,3
USYZ6USMTDN6,2,3
USZ8J5XFY2U5,2,3
USZ8RUF1MXD6,2,3
USZA3G637ZI2,2,3
USZA7VGGMSUJ,2,3
USZC06A2XR0K,2,3
USZCX0YVAGH6,2,3
USZGHOL1X1AE,2,3
USZH0CLFJ5KT,2,3
USZOYKD0JCRS,2,3
USZQ9VVYDJVT,2,3
USZQBBSSEWFD,2,3
USZSDDYB7LKL,2,3
USZSOBJINWXS,2,3
USZSZDBS89CO,2,3
USZVSFM5NXHN,2,3
